name,mobile_num,email
Bilal, 8456871524, bilal@gmail.com
Rizwan, 8456921647, rizwan@gmail.com
Muskan, 9567125463, muskan@gmail.com
Bilal, 8456871524, bilal@gmail.com
Rizwan, 8456921647, rizwan@gmail.com
Muskan, 9567125463, muskan@gmail.com
first_name, phone_number, email
Bilal, 8456871524, bilal@gmail.com
Rizwan, 8456921647, rizwan@gmail.com
Muskan, 9567125463, muskan@gmail.com
first_name, phone_number, email
Bilal, 8456871524, bilal@gmail.com
Rizwan, 8456921647, rizwan@gmail.com
Muskan, 9567125463, muskan@gmail.com
Bilal, 8456871524,
Rizwan, 8456921647,
Muskan, 9567125463,
